github_username,full_name,file_name,commit_time_ist
RajuUthkam,Raju,Raju_Uthkam_20260223.py,2026-02-23T22:33:13+05:30
Pradeep-Dasi,Pradeep Dasi,Pradeep_Dasi_20260223.py,2026-02-23T17:21:07+05:30
pyarasani05,Srilakshmi Pyarasani,srilakshmi_pyarasani_20260223.py,2026-02-23T19:45:28+05:30
DhruvaGupta,Dhruva Gupta,Dhruva_Gupta_20260223.py,2026-02-23T20:12:42+05:30
Shilpa2001-k,Kambhampati Shilpa,Shilpa_kambhampati_20260223.py,2026-02-23T20:35:40+05:30
Akhil-11001,Edapu Akhil,Akhil_edapu_20260223.py,2026-02-23T21:11:56+05:30
nsspankaj123,Namavarapu Subrahmanya Sai Pankaj,Namavarapu_Subrahmanya_Sai_Pankaj_20260223.py,2026-02-23T22:12:05+05:30
Gantlajyothi,Gantla T M Jyothi,Sarika_Punna_20260223.py,2026-02-23T22:39:31+05:30
kalyani-yerrolla,Yerrolla kalyani,yerrolla_kalyani_20260223.py,2026-02-23T17:15:43+05:30
Movvalaxmishivani,Movva Laxmi Shivani,Movva_Laxmishivani_20260223.py,2026-02-23T16:06:09+05:30
vamshikrishnapashikanti-hash,Pashikanti Vamshikrishna,vamshikrishna_pashikanti_20260223.py,2026-02-23T22:30:33+05:30
Pranaythummala,Pranay Thummala,Pranay_thummala_20260223.py,2026-02-23T21:24:36+05:30
Rohih9515,M Rohith Goud,Rohith_M_20260223.py,2026-02-23T21:30:13+05:30
Gopi-01,Gopikrishna,Gopikrishna_Mende_20260223.py,2026-02-23T20:07:19+05:30
sanjana0511,M Sanjana,Sanjana_Mullangi_20260223.py,2026-02-23T21:10:36+05:30
Lakshmi1210,Gubbala Naga Venkata Lakshmi,Naga_Venkata_Lakshmi_20260223.py,2026-02-23T17:49:27+05:30
Manikanta-anantha,Anantha Manikanta,Anantha_Manikanta_20260223.py,2026-02-23T21:50:17+05:30
choudari-soni,Choudari Soni,choudari_soni_20260223.py,2026-02-23T17:51:57+05:30
Chinmayee-behera,Chinmayee Behera,Chinmayee-behera_20260223.py,2026-02-23T16:22:58+05:30
medipallyvarun,Medipally Varun,MedipallyVarun_20260223.py,2026-02-23T21:17:26+05:30
karthik01-img,KORUKONDA V S N KARTHIK,Karthik_Korukonda_20260223.py,2026-02-23T20:37:43+05:30
kushalsai218,Mindi Kushal Sai Naga Chandan,kushalsai_nagachandanmindi_20260223.py,2026-02-23T21:48:28+05:30
kumaraswamy324,Bingi Kumara Swamy,KumaraSwamy_Bingi_20260223.py,2026-02-23T18:51:32+05:30
Ch-Aravind,Chevalla Aravind,Aravind_Chevalla_20260223.py,2026-02-23T18:10:10+05:30
shankar31-code,Shankar Pullur,shankar_pullur_20260223.py,2026-02-23T19:14:27+05:30
Manipal-0831,Bolla Manipal Reddy,ManipalReddy_Bolla_20260223.py,2026-02-23T20:08:58+05:30
arunkasula,Kasula Arun,Kasula_Arun_20260223.py,2026-02-23T22:22:23+05:30
sai1357-oss,RALLAPATI SAI KIRAN,RallapatiSaikiran_20260223.py,2026-02-23T21:24:50+05:30
Yeetheendra,Govardhanam Yeetheendra,Yeetheendra_Govardhanam_20260223.py,2026-02-23T20:52:25+05:30
rachanachepuri28,Rachana Chepuri,Rachana_Chepuri_20260223.py,2026-02-23T17:51:51+05:30
Punnasarika,Punna Sarika,Sarika_Punna_20260223.py,2026-02-23T20:31:34+05:30
madharammanisha,Manisha Madharam,madharam_manisha_20260223.py,2026-02-23T20:07:33+05:30
Manavpate166,Patel Manav,Manav_patel_20260223.py,2026-02-23T16:27:09+05:30
KethanCH,Cherukumalli Kethan Kumar,Kethan_Cherukumalli_20260223.py,2026-02-23T18:30:30+05:30
kadiyalajyothish,KADIYALA SAI JYOTHISH CHAND,KADIYALA_SAIJYOTHISHCHAND_20260223.py,2026-02-23T20:16:42+05:30
Anjurikusuma,Anjuri kusuma,Anjuri_kusuma_20260223.py,2026-02-23T21:31:36+05:30
MamidalaHarshavardhan,Mamidala Harsha Vardhan,Harshavardhan_Mamidala_20260223.py,2026-02-23T19:48:26+05:30
venneladevireddy10-pixel,DEVIREDDY VENNELA,Vennela_Devireddy_20260223.py,2026-02-23T19:38:31+05:30
Ganga56706,Kummara Gangadri,Gangadri_20260223.py,2026-02-23T20:32:53+05:30
csaitharun15,Chakali Sai Tharun,Saitharun_chakali_20260223.py,2026-02-23T21:14:49+05:30
Bhavishya94,Bhavishya Arukonda,Bhavishya_Arukonda_20260223.py,2026-02-23T22:13:55+05:30
sreenu9165,Kummari Sreenivasulu,kummari_sreenivasulu_20260223.py,2026-02-23T20:14:33+05:30
KeerthiThoudoju10,Thoudoju Keerthi,Thoudoju_Keerthi_20260223.py,2026-02-23T21:13:56+05:30
KomatiRockey,Komati Rakesh,Rakesh_komati_20260223.py,2026-02-23T19:34:07+05:30
SunkariRakesh,Rakesh Sunkari,Rakesh_Sunkari_20260223.py,2026-02-23T20:49:32+05:30
vishal-mavilla,Vishal Mavilla,vishal_mavilla_20260223.py,2026-02-23T20:16:42+05:30
pravalikachennuri,Pravalika Chennuri,pravalika_chennuri_20260223.py,2026-02-23T20:44:11+05:30
Nithya12345678,Muriki Nithya Harika,NithyaHarika_Muriki_20260223.py,2026-02-23T19:40:33+05:30
rishithadachepally16,Dachepally Rishitha,Rishitha_Dachepally_20260223.py,2026-02-23T18:40:04+05:30
suresivasai,Sure Siva Sai,sure_sivasai_20260223.py,2026-02-23T16:59:14+05:30
kudupudivardhini,Kudupudi Yega Vardhini,YegaVardhini_Kudupudi_20260223.py,2026-02-23T18:29:52+05:30
badimelasunil,Badimela Sunil,Sunil_Badimela_20260223.py,2026-02-23T20:24:09+05:30
Badrivishal43,Palaram Badri Vishal,Badrivishal_Palaram_20260223.py,2026-02-23T19:41:11+05:30
KarthikeyaIrukula,Karthikeya Irukula,Karthikeya_Irukula_20260223.py,2026-02-23T20:14:13+05:30
harshapatnaik789-eng,Patnaik Sai Harsha Vardhan,SaiHarshaVardhan_Patnaik_20260223.py,2026-02-23T19:57:23+05:30
adepuk174,Adepu Keerthana,Keerthana_Adepu_20260223.py,2026-02-23T17:58:31+05:30
Manvitha-sura,Sura Manvitha,Manvitha_Sura_20260223.py,2026-02-23T19:48:33+05:30
M-Amrit,Mattaparty Amrit,Amrit_Mattaparty_20260223.py,2026-02-23T18:06:38+05:30
rajeshveerisatti,RAJESH VEERISATTI,Rajesh_Veerisatti_20260223.py,2026-02-23T21:31:44+05:30
gurusupriya,PERURI GURU SUPRIYA,GuruSupriya_Peruri_20260223.py,2026-02-23T19:31:26+05:30
